<application>
  <component name="BaseRefactoringSettings">
    <option name="RENAME_SEARCH_IN_COMMENTS_FOR_FILE" value="false" />
    <option name="RENAME_SEARCH_FOR_REFERENCES_FOR_FILE" value="false" />
    <option name="RENAME_SEARCH_FOR_REFERENCES_FOR_DIRECTORY" value="false" />
    <option name="MOVE_SEARCH_FOR_REFERENCES_FOR_FILE" value="false" />
  </component>
  <component name="RefactoringSettings">
    <option name="MOVE_PREVIEW_USAGES" value="false" />
    <option name="MOVE_SEARCH_IN_COMMENTS" value="false" />
    <option name="MOVE_SEARCH_FOR_TEXT" value="false" />
    <option name="INTRODUCE_CONSTANT_VISIBILITY" value="private" />
    <option name="INTRODUCE_CONSTANT_MOVE_TO_ANOTHER_CLASS" value="true" />
    <option name="INTRODUCE_LOCAL_CREATE_FINALS" value="true" />
  </component>
</application>