<application>
  <component name="FindSettings">
    <option name="customScope" value="All Places" />
    <option name="defaultScopeName" value="All Places" />
    <option name="SEARCH_SCOPE" value="All Places" />
    <mask>*.as</mask>
    <mask>*.mxml</mask>
    <mask>*.html</mask>
    <mask>*pom.xml</mask>
    <mask>*.jrxml</mask>
    <mask>*.js</mask>
    <mask>*.tld</mask>
    <mask>*.css</mask>
    <mask>*.xml</mask>
    <mask>*.properties</mask>
    <mask>*.sql</mask>
    <mask>*.jsp</mask>
    <mask>*.java</mask>
  </component>
</application>